epoch,time,train/box_loss,train/cls_loss,train/dfl_loss,metrics/precision(B),metrics/recall(B),metrics/mAP50(B),metrics/mAP50-95(B),val/box_loss,val/cls_loss,val/dfl_loss,lr/pg0,lr/pg1,lr/pg2
1,387.05,2.05306,4.28171,2.51451,0.00326,0.83333,0.02509,0.00729,2.44207,5.51661,3.88241,5e-05,5e-05,5e-05
2,784.36,1.988,4.09845,2.43761,0.00314,0.83333,0.36785,0.09232,2.40467,5.52944,3.70469,0.000110272,0.000110272,0.000110272
3,1490.03,1.85093,4.02712,2.27087,0.00393,1,0.12969,0.04325,1.89936,5.30147,3.31908,0.00016807,0.00016807,0.00016807
4,2460.95,1.69098,3.89763,2.14349,0.00387,1,0.15846,0.05598,1.87784,5.26687,3.21927,0.000223392,0.000223392,0.000223392
5,3724.47,1.48816,3.50573,2.06015,0.00396,1,0.50199,0.26604,1.92582,5.34499,3.10169,0.00027624,0.00027624,0.00027624
6,4826.13,1.45097,3.10993,1.90658,0.00368,0.83333,0.35181,0.07968,2.75568,6.43669,3.50444,0.000326613,0.000326613,0.000326613
7,5778.15,1.45127,2.98767,1.94778,0.00087,0.33333,0.33167,0.06633,4.88541,9.94835,5.98113,0.00037451,0.00037451,0.00037451
8,7354.88,1.56301,3.22766,2.16987,0.00119,0.33333,0.08292,0.00829,4.68397,10.9252,6.05106,0.000419932,0.000419932,0.000419932
